{"10": [[101, 86, 166, 116, 233, 47, 212, 214, 105, 142, 995, 383, 178, 204, 98, 106, 126, 122, 60, 62, 134, 47, 49, 188, 101, 44, 128, 185, 118, 79, 226, 208, 217, 205, 98, 126, 142, 131, 166, 107, 110, 250, 214, 121], [2.5318580513590154, 2.559402602792573, 2.6564966593720984, 2.6175795721911768, 2.6248444580810446, 2.569647110588432, 2.638952548063612, 2.553329721649629, 2.5558897344217324, 2.5790575510763176, 2.5532355470047357, 2.604503604837711, 2.5334605804869925, 2.630902664629962, 2.5566215816990816, 2.5527669506323885, 2.638787079691868, 2.618366837103833, 2.5878321840622274, 2.5122400849476985, 2.5745751194798907, 2.6168314511455613, 2.5565918674053196, 2.629454238886504, 2.5812969995772326, 2.527536026849743, 2.589760011346496, 2.583841574798467, 2.5451663170509415, 2.629925246859543, 2.60611393308319, 2.678741982251719, 2.6386781803215524, 2.6239707731938955, 2.529127712550685, 2.5537376854211202, 2.62378421851222, 2.6342350087113258, 2.5668499092980723, 2.5966318621145343, 2.578015379640221, 2.5893457325161635, 2.578564698499279, 2.6180186529754246]], "15": [[451, 89, 115, 1314, 231, 523, 56, 88, 209, 196, 400, 143, 102, 252, 121, 103, 117, 488, 235, 337, 191, 58, 72, 171, 134, 106, 59, 258, 215, 218, 1579, 128, 580, 844, 613, 122, 213, 105, 62, 192, 113, 175, 436, 101], [4.083125080633496, 4.012738337534263, 4.103072361157965, 3.9197810624767495, 4.166540465785986, 4.020823062526543, 4.071055376036081, 4.08184791023222, 4.088920482165537, 3.993662571116003, 4.070291523661927, 4.003193334918269, 4.024707186243245, 3.992535147060732, 3.988075269094347, 3.959645828254847, 4.0895868459722315, 4.018119220681222, 4.052723607060148, 3.9827604451738203, 4.133306643310705, 4.066271106081304, 4.049588415675356, 4.057573018163391, 4.054566378985706, 3.9434402954090992, 4.076047638902704, 4.109120809547231, 4.060980703639651, 4.012837110151865, 3.9648843406319503, 3.9785864929934793, 4.090694788810189, 4.005785880186554, 3.9429109093947288, 3.9394237295465255, 4.026541780551867, 4.069859145977111, 3.9603699727483006, 3.9941046859139657, 4.00853165970429, 4.047911142982558, 3.875227481080674, 3.936036341907892]], "20": [[97, 122, 147, 146, 287, 2821, 660, 347, 50, 311, 838, 492, 774, 1486, 34, 123, 127, 1611, 352, 309, 96, 3012, 1627, 208, 159, 114, 102, 140, 241, 94, 387, 102, 394, 752, 441, 968, 422, 77, 349, 119, 145, 413, 398, 881], [5.492831057312574, 5.4556209279366845, 5.3463678413473135, 5.585780694209155, 5.5390297741525405, 5.5273352349791, 5.391451692652727, 5.498527169208062, 5.443808367695673, 5.4374153357174695, 5.44939849726848, 5.433745719902, 5.570435614888852, 5.339069448041798, 5.593146557463395, 5.393159914844863, 5.354641959453352, 5.444103839367828, 5.39506008053285, 5.518939034792668, 5.459024268475064, 5.51489952693416, 5.53132063734601, 5.445481120346648, 5.375876323098141, 5.517371765700699, 5.5134720121967895, 5.482163875306365, 5.584913170279969, 5.426854074384997, 5.445419009466975, 5.5448786953669, 5.495259009496336, 5.377981956032217, 5.3793448520358975, 5.400750083692831, 5.5215836600031745, 5.255046332494637, 5.314018732110004, 5.526190539008866, 5.345529060382552, 5.5554578006989495, 5.5479275945645075, 5.468308387223883]], "25": [[659, 417, 1028, 332, 909, 425, 243, 118, 663, 175, 454, 145, 38, 196, 930, 353, 317, 317, 782, 451, 291, 883, 662, 750, 443, 79, 873, 69, 117, 324, 2935, 292, 61, 245, 101, 46, 68, 3656, 772, 538, 190, 70, 389, 200], [6.999539554152213, 7.060301297121127, 6.931709713396783, 7.045748247772335, 6.976901758306863, 7.02768706758374, 6.8370391042110885, 7.04498399182745, 6.781406192169094, 6.7045425253557065, 6.804598089468768, 6.65558889372397, 6.970875845556878, 6.824538291783793, 7.068539002178158, 6.8388181153198735, 6.986910832069776, 7.010682070917547, 6.793784511826223, 6.929930336557997, 6.9966933473087325, 6.9802586698416365, 6.888415603055045, 7.039826026417852, 6.890495808559723, 6.94326982799507, 6.916345159163308, 6.749433606590757, 6.769646667254616, 6.8683120101814925, 6.773603398419129, 6.940612984518873, 6.936715995461476, 6.911648610191899, 6.879876007817553, 6.925713822896911, 6.997967826869861, 6.8282522218601125, 6.936120301020489, 6.769361236659241, 6.935979250609324, 6.911218217074445, 6.955200812194962, 6.9382399975384965]], "30": [[123, 1564, 1649, 2210, 485, 374, 498, 654, 483, 28, 872, 254, 395, 51, 377, 1277, 394, 375, 186, 193, 198, 394, 963, 300, 256, 585, 301, 632, 230, 559, 126, 619, 798, 244, 406, 1888, 339, 202, 378, 228, 716, 116, 502, 1523], [8.226580920236815, 8.314359692169022, 8.419007868305506, 8.32900244178463, 8.41203337228682, 8.463781610748576, 8.177355959124572, 8.29655339620281, 8.478897043366208, 8.306620999995987, 8.265359635463781, 8.38084718574437, 8.300293200939448, 8.450821807326404, 8.438044003396172, 8.298080010075427, 8.363797585676517, 8.437293745613507, 8.379535890883096, 8.467168569579705, 8.20930685169795, 8.289204522338613, 8.364277150475525, 8.430045307837428, 8.408565755730109, 8.366849445240321, 8.115271801466616, 8.135720282218617, 8.129848899165713, 8.43027568688925, 8.439601849400464, 8.295636018934722, 8.618622050901305, 8.412783448622415, 8.33212864855626, 8.20693848793175, 8.414421259762431, 8.336520674636818, 8.417459159858598, 8.304312606966564, 8.28181586603099, 8.224889722018034, 8.376496145370371, 8.301437890689735]], "35": [[734, 2337, 155, 948, 465, 204, 78, 996, 85, 1323, 339, 260, 128, 863, 943, 600, 163, 1353, 883, 207, 107, 990, 511, 459, 1451, 170, 254, 295, 371, 87, 678, 766, 66, 526, 486, 280, 255, 123, 246, 277, 401, 2528, 594, 363], [9.891258480038447, 10.061586612878221, 9.861977935437128, 9.513235663763014, 9.57859237535708, 10.063881110142109, 9.706120097158683, 9.934560889443425, 9.721086516154697, 9.766721520220292, 9.652100017457046, 9.87810026490116, 9.941902113002374, 9.690054940554148, 9.882296393326248, 9.684383562116928, 9.586040200871556, 9.594081497913775, 9.937416864080223, 9.604162186193987, 9.724878643564237, 9.799004549300927, 9.665543212423572, 9.598985735494036, 9.93364801710487, 9.929280190414056, 9.828621576165299, 9.721717926637506, 9.533448358319243, 10.02606327402431, 9.643372921340314, 9.95647258223928, 9.690909232874372, 9.608345944964926, 9.913278680639742, 9.78851472278949, 9.883890668907735, 9.758554079623202, 9.735995596360194, 9.698523981500403, 9.874354269623907, 9.953541240233708, 9.60384028310444, 9.697985265974134]], "40": [[177, 255, 419, 231, 75, 108, 295, 615, 921, 982, 251, 913, 63, 352, 101, 396, 451, 251, 91, 563, 205, 999, 159, 367, 108, 236, 326, 1845, 131, 128, 485, 3111, 683, 1539, 266, 256, 190, 747, 228, 118, 502, 2746, 1795, 1232], [11.251119584342522, 11.55346066892765, 11.277175688301673, 10.98396698453705, 11.26476307071032, 11.229834997947226, 11.140661859927178, 11.179962978579336, 11.410676844213512, 11.308844634644943, 11.47700222747541, 11.260579940182726, 11.261055635491322, 11.587461446857198, 11.151352185666424, 10.985479372120066, 11.455997776600311, 11.382443780821841, 11.272969973702981, 11.389508955855643, 11.192809832245485, 11.370939914575684, 11.21573032330767, 11.061943858514226, 11.165340045782639, 11.301228746109217, 11.120193995309975, 11.30345528882687, 11.466905628495685, 11.327593146600625, 11.187131937790232, 11.493173282633363, 11.51669670862031, 11.351742759629609, 11.170557115958118, 11.375447213757672, 10.964785211354585, 10.900780255242024, 11.05968959992864, 11.275945317044213, 11.256941957657789, 11.248236690395062, 11.507994372154812, 11.285121861374828]],