{"10": [[521, 1801, 1786, 1465, 922, 1017, 960, 647, 605, 1188, 658, 1844, 314, 925, 1770, 634, 1580, 908, 386, 999, 1024, 1053, 3449, 1833, 3627, 792, 1895, 570, 3732, 1709, 3548, 406, 2053, 1850, 3606, 999, 2036, 1101, 3930, 1805, 3415, 997, 1068, 1019, 3530, 942, 3197, 1685, 3475, 1894, 1935, 936, 1918, 745, 3521, 568, 3505, 1899, 1123, 975, 3392, 1029, 3284, 1031, 3609, 1674, 3598], [2.5814963261577284, 2.5972458741480065, 2.5481425726586777, 2.5709304344197204, 2.5512573277738535, 2.5650703380674873, 2.5864124502417467, 2.5525370512004204, 2.583685849665667, 2.606169593487888, 2.5988601288217708, 2.5831672457615236, 2.5753755260883495, 2.617088016790829, 2.5981092025878025, 2.5773867157224077, 2.567505559487814, 2.5617643141982005, 2.536749765991969, 2.6337356103652705, 2.571507643746996, 2.6210615244976605, 2.567609862919845, 2.616843051309218, 2.574125440337084, 2.5728821288546415, 2.578373162144166, 2.591355410875305, 2.563292083572599, 2.6235406288202183, 2.6227785388095866, 2.5807276303478477, 2.6072113493938622, 2.5889624428740263, 2.6085291174532466, 2.584757453877815, 2.5918238791260806, 2.6044558620486224, 2.5982634767367108, 2.570952336852503, 2.579219457751766, 2.5661101138107036, 2.5625112630668454, 2.536093471422814, 2.59529577953207, 2.6043335557242, 2.575292335298053, 2.5835383464037474, 2.58992187017826, 2.5968327551430974, 2.560508201327012, 2.572490257017309, 2.550575765331012, 2.5734762174406454, 2.5840474307820758, 2.588089497482733, 2.5890988592475765, 2.578755870744578, 2.5863591161549118, 2.5268347382154603, 2.593653998940955, 2.557240547346479, 2.543111364106128, 2.5948220313592456, 2.592834421508522, 2.5794177479360236, 2.590892998680618]], "15": [[510, 1671, 1577, 1671, 454, 441, 885, 885, 882, 2989, 2989, 2990, 903, 7076, 7076, 7076, 464, 1659, 1659, 1659, 785, 7686, 806, 833, 478, 1577, 490, 1657, 495, 854, 439, 1746, 467, 3070, 494, 521, 1568, 504, 1530, 386, 1783, 458, 1700, 493, 1715, 943, 1782, 508, 471, 1011, 484, 961, 495, 532, 197, 129, 1007, 809, 494, 817, 1629, 838, 1326, 407, 1684, 433, 469, 1556, 329, 1589, 881, 1020, 246, 1583, 248, 918, 787, 1483, 257, 911, 182, 919, 263, 930, 439, 1645, 468, 1654, 501, 485, 497], [4.0551668698534895, 4.023390771823004, 4.011447592422905, 4.012031385105146, 4.043159926437966, 4.0341173083227835, 4.062700664957309, 4.043404654434207, 4.058978437470656, 4.03017564155595, 4.008251069323817, 4.021733045969681, 4.007007689108515, 4.024550150642354, 4.02261621744104, 4.023096583783315, 3.948644588437605, 4.003906900845378, 4.005846289877556, 3.9977789752178494, 4.033051888895755, 4.04705741487363, 4.045778050427316, 4.092126835866201, 4.0356472607246765, 4.034941534418117, 3.996550553481166, 4.028013132540455, 4.060068361744764, 4.0289569114415205, 4.022344939065974, 3.949759981952752, 3.998644585016836, 4.013799624035502, 4.046138095276468, 4.041186315776242, 4.033347560621699, 3.9723504184211302, 3.9915303083423606, 4.072130081245431, 4.057326731759049, 4.027214563796812, 4.064560541415946, 4.014064839383786, 3.9610751635734647, 4.068274569869074, 3.9995822564036954, 3.989580870033085, 4.044997548146944, 4.045178206482266, 4.0334618911247135, 4.049821361643559, 4.072039113344576, 4.094990387337497, 4.037591972691461, 4.048788445948983, 4.033485413562866, 4.067239950670052, 4.073732374644278, 4.002410768734593, 4.029450434467676, 4.020520789886247, 4.021544416250849, 4.013769801777083, 4.081885318710221, 4.000421802000284, 3.9619671259201708, 3.985611877844646, 4.039898968225491, 4.055726952865736, 4.07971293630433, 4.029272833508194, 4.013744005448587, 4.046610749619214, 4.039400390965712, 4.051509167040382, 4.026131324782907, 4.0413522629543355, 4.0685709576767835, 4.063025259671012, 4.014817225117939, 4.023278867372738, 4.045291790790425, 3.9840048582471983, 3.9801234600429805, 3.9818322108172817, 4.052739058655396, 4.023836950815377, 4.034261205419486, 3.9909457918146214, 4.02476798723898]], "20": [[62, 65, 436, 223, 27892, 29648, 31051, 60059, 450, 7529, 11286, 417, 230, 465, 5135, 915, 500, 218, 475, 396, 159, 446, 229, 124, 1418, 455, 249, 2249, 490, 432, 968, 7638, 396, 4574, 24298, 206, 220, 473, 240, 504, 435, 1307, 502, 224, 156, 843, 264, 201, 392, 55687, 215, 1887], [5.508801272680916, 5.4976176885898385, 5.518417899176737, 5.500977142384151, 5.537261474748456, 5.510987109896713, 5.496243600037554, 5.471241309433885, 5.552037361828421, 5.579779478205755, 5.576106655281119, 5.426858959603634, 5.486348800160076, 5.429400351014389, 5.446305619221087, 5.525493888833395, 5.47637520455741, 5.46004569200361, 5.484292833937649, 5.489895393985325, 5.500060822805562, 5.429060419897608, 5.466053141247388, 5.471544944678117, 5.440874871464188, 5.513714996372636, 5.426746493929037, 5.501576859261262, 5.4677115311394315, 5.392145227467679, 5.4493157276128406, 5.47795515404434, 5.454326872552933, 5.5094362125591605, 5.526905241575473, 5.515866795493039, 5.458377342702403, 5.524440203934435, 5.453278515162388, 5.475055911539683, 5.47620843365459, 5.421712960732192, 5.371065197683565, 5.476946482652924, 5.523101519587384, 5.404144274869688, 5.4657923607450405, 5.46947462617578, 5.551601110082062, 5.511377667917281, 5.544164448640512, 5.5160533730793935]], "25": [[1001, 13614, 881, 9894, 1986, 211, 53680, 1649, 7845, 1775, 235, 1855, 15435, 3355, 7917, 88, 1685, 197, 29131, 8005, 882, 7221, 12187, 950, 140, 1174, 487, 1830, 970, 2049, 263, 892, 22372, 934, 1996, 24655, 21180, 791, 125966, 1634, 992, 402, 1100, 1927], [7.025380299067253, 6.930411153064486, 6.993189106377077, 6.843750588367835, 6.790968853988612, 6.907529757224269, 6.9409314897826135, 6.910514946537803, 6.930703888723678, 6.937437854256736, 6.90933419069936, 6.923643391854899, 6.818944431900569, 6.898350200244584, 6.985937633184529, 6.8597346899613925, 6.9963184344923866, 7.035339176929851, 6.9741752582732826, 6.795628062684667, 7.030434037017533, 6.89544216848169, 6.882916928119956, 6.777778191843247, 7.011046071289524, 6.856282744890573, 6.93740567510948, 6.796728823402878, 6.955366527499591, 6.90863050902305, 6.9436343612290425, 7.028932662740679, 6.917740276199033, 6.925822291299585, 7.0055550517195915, 6.848637533721935, 6.9273307295861, 6.904262498611223, 7.015365120345609, 6.929062541579695, 6.879280058803166, 6.946041381880797, 6.903287399947993, 6.897103243598212]], "30": [[17206, 630, 1835, 52730, 14006, 439, 2624, 6413, 751, 6560, 2673, 18280, 671, 6738, 3939, 434, 364, 1026, 1821, 1992, 3747, 1736, 11826, 6026, 10527, 22239, 1829, 5151, 1845, 7086, 230, 23224, 4732, 54158, 352, 1976, 2420, 11538, 215, 98349, 3791, 1448, 170, 683], [8.402820067664546, 8.409911647031167, 8.364434893964859, 8.331376181113198, 8.357797876201715, 8.408889051298704, 8.428948788310933, 8.207007590732184, 8.456054427241355, 8.385589034581468, 8.437969124663312, 8.340229717266567, 8.382360100213184, 8.357491667485823, 8.474965942711066, 8.452669025874288, 8.31801394174277, 8.446009889215718, 8.27109843900767, 8.315701401320178, 8.330231110480618, 8.260613240676303, 8.451896804869698, 8.578369094794803, 8.47642716062686, 8.38323259576433, 8.459484832530883, 8.28454127617223, 8.280010351960403, 8.320642415848159, 8.27530799219467, 8.35720205306587, 8.390646395765675, 8.361430710821068, 8.312559798020612, 8.348093887440376, 8.392364203624668, 8.344357626958507, 8.383560200335717, 8.24659187489113, 8.427860828868171, 8.395840871528293, 8.264964507931523, 8.362126046645773]],