{"10": [[2043, 3565, 1272, 2350, 3482, 3526, 2183, 7039, 3748, 7064, 2372, 7994, 500, 7941, 712, 5858, 2008, 3989, 3742, 7587, 507, 8064, 3639, 7145, 1740, 7965, 2228, 6691, 1146, 6439, 575, 8012, 1927, 3436, 2031, 2645, 4021, 600, 7671, 1152, 8167, 3787, 1333, 7818, 3662, 8075, 3241, 924, 2455, 7646, 2200, 4290, 1719, 3876, 13397, 3889, 2185, 4072, 1935, 4078, 1643, 8022, 2074, 7953, 1591, 3981, 8070], [2.5942564423695136, 2.578004755185923, 2.598548580177082, 2.5805905349962988, 2.5698895602181535, 2.574836827385783, 2.562738313511894, 2.5788159405848505, 2.5559188260917223, 2.555441344968527, 2.5909726021295896, 2.59194587366155, 2.574581279782877, 2.5828167639625033, 2.6238972114189827, 2.6185708205180207, 2.566782458783026, 2.5802637412840514, 2.5725739006881, 2.5651012611635107, 2.6052182284649903, 2.599365120555123, 2.5543447530088224, 2.5622052474750605, 2.5840611476837303, 2.5759471273353793, 2.5499745895832544, 2.54570175266243, 2.5881546615371183, 2.579165080382209, 2.5887863376370452, 2.5825214983199976, 2.575575216519204, 2.5557585994233447, 2.5723751187594717, 2.5769272049305973, 2.5780303528043866, 2.568247174308893, 2.548295339638233, 2.5654252660840933, 2.567227208261492, 2.606688118078372, 2.5769575206982926, 2.5707095759862826, 2.5746185658908938, 2.5731856467426173, 2.6062832596721615, 2.5729662705779126, 2.5859404624441256, 2.5896158961445317, 2.5694206477858783, 2.5686317192969677, 2.5786625142138466, 2.5847018095208005, 2.5812609451232182, 2.5944922417825875, 2.5730265536164847, 2.57663702880998, 2.565077890788925, 2.6033608733663374, 2.5675210356205156, 2.576559270331152, 2.582470134584735, 2.590481990284898, 2.583269231649192, 2.5932215563270073, 2.6058246056559615]], "15": [[1806, 6303, 948, 6303, 6303, 6303, 6303, 1987, 6303, 6311, 6311, 6311, 6312, 6312, 6312, 3267, 6327, 1859, 3803, 3803, 3803, 1042, 3819, 3819, 3819, 3819, 3819, 3819, 3500, 3824, 3824, 3824, 1912, 3824, 3824, 3824, 3824, 3797, 2252, 3755, 3755, 3755, 3755, 3509, 3794, 3583, 3794, 3797, 3797, 1867, 3797, 3797, 2086, 3799, 3799, 3799, 3721, 3799, 3799, 1955, 3684, 1984, 3684, 3684, 3688, 3688, 3688, 3501, 3688, 3688, 3688, 3688, 3688, 3688, 3688, 3688, 3688, 3688, 3703, 3703, 2012, 1892, 3683, 3685, 3685, 3685, 3685, 1921, 3686, 3686, 3686, 3686, 3686, 3686, 3754, 3653, 3754, 3754, 3754, 3754, 3756, 2019, 3685, 531, 3146, 2037, 3383, 1961, 3672, 1943, 6399, 3597, 3740, 1974, 3945, 1878, 3644, 1703, 1954, 1935, 3838, 1787, 3434, 2013, 4063, 1903, 4043, 3380, 1941, 1954, 6840, 996, 2019, 1762, 1930, 1791, 3727, 3748, 1909, 3724, 6792, 3415, 3846, 6605, 3411, 3080, 3779, 1995, 3749, 2057, 2167, 3989, 3989, 1844, 6358, 1947, 6185, 1052, 3089, 3089, 1810, 6175, 1065, 5922, 5925, 1784, 3271, 3281, 1930, 3576, 3785, 1959, 3769, 6707, 1895, 3976, 6807, 1816, 3495, 6628, 3351, 3761, 3761, 2066, 6065, 6119, 1819, 3866, 3894, 1838, 3588, 3604, 1968, 3460, 3579, 3039, 3713, 3714], [4.025577114092995, 4.0382391992029305, 4.037017696815422, 4.03648901033516, 4.041996062481028, 4.049143523179595, 4.047151651832886, 4.04843918448958, 4.048804584577849, 4.040772004121733, 4.042457034674167, 4.048601221560745, 4.048551543869424, 4.042053249430944, 4.032257102762775, 4.025046051631931, 4.033161664832292, 4.047271164221219, 4.033115219289194, 4.032287639027771, 4.030692315916631, 4.0393050226163805, 4.043450385200622, 4.036639378925466, 4.037594614308631, 4.038039019475265, 4.042249174217846, 4.038196341534731, 4.033011209091767, 4.032237648729234, 4.034426436019446, 4.039523497493511, 4.040339803245252, 4.037674497678344, 4.03752862666113, 4.030755746209527, 4.038883622852486, 4.035400221346059, 4.038566356734415, 4.037863145465847, 4.039768530154804, 4.03484460953155, 4.027808615686438, 4.024031945130529, 4.027270529909361, 4.024443636347305, 4.019220423640143, 4.017536226069155, 4.022914361276347, 4.02326603414517, 4.02023447502686, 4.027046685487295, 4.038509889933492, 4.041025356944769, 4.047066776194175, 4.05289696293446, 4.0601302458810355, 4.06202548117215, 4.062532300431775, 4.043626440226082, 4.049237972692289, 4.047505650956131, 4.045573580474651, 4.050817632355975, 4.036812869284176, 4.027026647451897, 4.029428585366553, 4.031452632058709, 4.031956910196677, 4.027569624328846, 4.022485314119974, 4.019961743295493, 4.022285229556564, 4.022011736313085, 4.020351082507941, 4.020580454528647, 4.0124898183963715, 4.013934594853627, 4.012801962484833, 4.0045374176498845, 4.020277087022184, 4.02216642413813, 4.026385127482202, 4.029233904237295, 4.026906752454236, 4.02604439004807, 4.02825167427975, 4.027500189019016, 4.029251138683967, 4.031059005678296, 4.0236575624821675, 4.020595023397391, 4.029169114824603, 4.030297051821606, 4.0269238904139355, 4.024806166690757, 4.032123601556131, 4.036185707490195, 4.043695450220702, 4.041567831915484, 4.050879578238451, 4.00978821268315, 4.005802195033211, 3.9635067046128785, 4.012004926718553, 4.028751777950611, 4.017229294186635, 4.032447348696298, 4.050897815797693, 4.038505012735731, 4.041431419211489, 4.032048206183981, 4.029772206521436, 4.038153302955459, 4.063998992842824, 4.031685290417, 4.0257831095581915, 3.9797959723737395, 3.969223835630305, 4.036150533080414, 4.048061171598098, 4.016215588685108, 4.008593344863791, 4.022095632642621, 4.06166247359248, 4.065058378609034, 4.059544678391275, 4.085802035710383, 4.087986077138052, 4.0375701112585105, 4.056428087963732, 3.9989517045559766, 4.023144641969186, 4.036563595342787, 4.0534517076912, 4.069392154273377, 4.051864230784577, 4.059727093938753, 4.002356468028825, 4.006391728267734, 3.9936100096602414, 4.02742967221362, 4.0072756809806025, 3.9843044567234633, 3.9862763958959597, 3.980200904099928, 3.9898222399787584, 4.010377624919123, 4.009034779427539, 4.021606170079118, 4.06895787880161, 4.0515652952405645, 4.031847766918374, 4.010749864556023, 4.014958746606605, 4.031635165062833, 4.046939075437505, 3.951764254575102, 3.979995010391274, 3.9706148802486, 4.0282692162006395, 4.016358178160023, 3.989614667098732, 3.970927385232346, 3.98814155095418, 3.9892716969379935, 3.9977731714603943, 3.9832914923784295, 4.033013999099885, 4.060621461937886, 4.019508109074929, 4.068827304255585, 4.107122598026278, 4.07453462964363, 4.092839818848296, 4.0436909979985245, 4.025933366943831, 4.001369290125937, 4.006048546621078, 4.000217299671379, 4.02926608046403, 4.015136008225248, 4.027543745873464, 4.023718605508089, 4.0216036332962615, 4.031939942470101, 4.0456228020440115, 4.07616852394643, 4.080272858056938, 4.0188211620590994, 3.981228436393138, 3.980632015926931, 4.038665622819661, 4.028248801164408, 4.015387311614069, 4.052636012205973, 4.056351559221709, 4.032065747534311]],