{"10": [[3559, 3585, 3733, 3686, 2079, 5802, 3505, 3742, 3722, 3857, 3534, 3335, 3507, 6480, 3614, 2047, 7859, 3413, 2012, 6604, 3586, 3449, 3449, 3627, 3627, 1895, 1895, 3732, 3747, 3705, 3705, 2053, 2053, 3606, 3606, 3567, 3567, 3930, 3930, 3415, 3415, 3375, 3375, 3530, 3530, 3197, 3197, 3475, 3475, 3598, 3598, 1918, 1918, 3521, 3521, 3505, 3505, 4011, 4011, 3392, 3392, 3284, 3284, 3609, 3609, 3598, 3598], [2.593088690076421, 2.5590511634476667, 2.5846191002501238, 2.6183442822723144, 2.5367849667469917, 2.5933430943150038, 2.5444788290440856, 2.5825066198332807, 2.5210201355697963, 2.6041475585027136, 2.6050738625301624, 2.5808225235298887, 2.584669505271138, 2.6351244214207763, 2.5905037870821825, 2.581460863849545, 2.59738147062704, 2.5727948751091203, 2.582172436914477, 2.6194124880573098, 2.5803764306682764, 2.5679294624816995, 2.5679277757025196, 2.5729360336787908, 2.577171462027646, 2.5776427666383808, 2.576762721410138, 2.5625412015054008, 2.5644511750543852, 2.6218080372947132, 2.6220223904605837, 2.6081771900877047, 2.610267395635557, 2.6082272675868547, 2.6029984312300796, 2.5931188858242353, 2.5933808994815855, 2.5983466052888633, 2.601461672243754, 2.5788362365339283, 2.576568268061869, 2.5637112896820073, 2.5633018325747945, 2.596451652321006, 2.5963627202801054, 2.574892419195215, 2.574328167574797, 2.5889828092654885, 2.5819610664708605, 2.561012561359647, 2.564649437809934, 2.5515100264830726, 2.5541193911450657, 2.584121217288252, 2.5781964709654677, 2.589103620821359, 2.587266579781091, 2.5868494198283565, 2.5863591161549118, 2.593939079859206, 2.6018454988719064, 2.541920225732082, 2.546552691825735, 2.5931235436476494, 2.599141754353795, 2.5911006507384835, 2.593381541875576]], "15": [[1671, 1671, 1671, 1671, 885, 885, 885, 891, 2989, 2989, 2990, 2999, 7076, 7076, 7076, 7076, 1659, 1659, 1659, 1659, 7686, 7686, 1639, 1639, 1577, 1584, 1657, 1657, 1681, 1681, 1746, 411066, 3070, 3072, 188093, 1568, 1577, 1530, 1667, 1783, 1783, 1700, 1712, 1715, 1724, 1782, 1782, 67851, 1011, 1011, 1795, 1795, 2628, 2632, 1430841, 1007, 1007, 1031, 1604, 1629, 1634, 1474, 1474, 1684, 1685, 59665, 1556, 1556, 1589, 1601, 1020, 1020, 1583, 1583, 918, 918, 5055, 8965, 911, 1011, 919, 920, 930, 930, 1645, 1645, 1654, 1654, 746524, 12311, 491090], [4.0231043688941766, 4.013252598349511, 4.011128314329916, 4.019569455664742, 4.0361222993520585, 4.0615496947017995, 4.045267883988379, 4.028812948945715, 4.03112372884838, 4.008532839688831, 4.022062872988071, 4.014374442645362, 4.024051162088032, 4.023337273395501, 4.023339323077462, 4.022699543858361, 4.004107928100222, 4.0042736228909765, 3.999450941075638, 3.980953592236437, 4.047508455586286, 4.049100228617598, 4.09392036114105, 4.069157036015785, 4.034882140271371, 4.020251607850018, 4.029048707331233, 4.039603940982333, 4.029556792835768, 4.001616936829561, 3.9481863887233035, 3.9663116983073765, 4.0116854718266035, 4.0166055984016165, 4.0377523737309815, 4.033141526229346, 4.0364634563545385, 3.9900809126252224, 4.000075051357553, 4.05791002068101, 4.063535902591914, 4.062950633065891, 4.045177938785242, 3.9596906891850985, 3.9720749730885916, 3.999914638822628, 3.9967496998517817, 3.986869765736808, 4.044672330452085, 4.048989795905509, 4.0499526480538695, 4.049575355281192, 4.094038473244745, 4.073529282615572, 4.0516552219413215, 4.033192891241279, 4.067617181802219, 4.073124295226559, 4.0533985925316465, 4.029460874043023, 4.016677456877316, 4.019612476944305, 4.013099935882101, 4.081695019931684, 4.079899958757492, 3.9721025499377522, 3.9859101282125544, 3.952893151210848, 4.055417774752693, 4.057067218939327, 4.02967633670401, 4.049130922122647, 4.046412863210886, 4.029703622720133, 4.052459848103552, 4.045549670515707, 4.042450215950488, 4.041026586984802, 4.064943205667961, 4.07361557547179, 4.021577059953743, 4.014927352930908, 3.9843932312303902, 3.9995165055563167, 3.980268890600573, 3.9875167350896152, 4.0234211438722065, 4.008495767412978, 4.0801322956722155, 3.9991632819172604, 4.038478833294012]], "20": [[293963, 840209, 59198, 27892, 28272, 31051, 60059, 124348, 7529, 11286, 115351, 609399, 59284, 5135, 5238, 138297, 116416, 3256, 3256, 59707, 111413, 163323, 53281, 78698, 43703, 111586, 115014, 130920, 55731, 145330, 113713, 126441, 49113, 201747, 142570, 110566, 73545, 122193, 730412, 234045, 105065, 274332, 145289, 121858, 126404, 129934, 101302, 214592, 110861, 392666, 209481, 501632], [5.551373413145459, 5.5343637250274424, 5.534769504630501, 5.535565159281666, 5.513562468620169, 5.496570298640481, 5.471706803512669, 5.465905455547104, 5.580517382888857, 5.5784612263876765, 5.572699578428775, 5.410380461947546, 5.497744961964451, 5.445958483751706, 5.485574585198825, 5.497424651681575, 5.442621391709548, 5.486352626246804, 5.475458038651005, 5.466205836537527, 5.49586228818665, 5.462455308055447, 5.526475763149881, 5.491097637947358, 5.441978059293719, 5.47624913814864, 5.428822166988251, 5.506853766050665, 5.555413387787132, 5.431915557355503, 5.49750113995805, 5.486476501954355, 5.411477598209047, 5.512231297537415, 5.529115905719056, 5.470779917247366, 5.430775691809031, 5.539767119814177, 5.478007599815844, 5.52985888385065, 5.535745791314465, 5.448232250209993, 5.344808736037519, 5.479324281842547, 5.489607219274212, 5.481347098493286, 5.517694923408242, 5.491129024088186, 5.495596419710045, 5.475402054200558, 5.527780222273308, 5.48422301158663]], "25": [[109960, 165171, 244573, 129992, 205104, 64823, 928310, 973836, 270575, 97355, 48284, 124607, 172329, 230473, 227631, 65443, 51911, 159711, 247759, 238962, 126137, 311544, 504022, 260163, 121580, 181254, 309334, 114765, 533283, 161777, 121741, 144001, 216693, 393435, 127688, 410092, 53694, 281113, 872983, 265427, 357796, 84323, 131189, 161227], [6.9517420862797, 6.920347305626163, 6.946671485780937, 6.8876290358833465, 6.784204944921246, 6.851659663901698, 6.944508987769845, 6.8889698822937495, 6.895156404382689, 6.975796796157015, 6.919729153792743, 6.9430290084188115, 6.818464787433903, 6.946362430827243, 7.0031648822048265, 6.87852138736721, 6.9270068264374505, 6.982792248699999, 6.948513646759907, 6.826673376378506, 7.019691574723795, 6.896378287626591, 6.893505916687597, 6.84070358145852, 7.052786618331446, 6.831800790480965, 6.917678913432918, 6.8243288722360695, 6.9991178000641865, 6.886536720659951, 6.929450348508517, 6.947555369648188, 6.898699199527716, 6.971892985056884, 7.0449245512303476, 6.850222759399465, 6.962408505317594, 6.9106984887683796, 6.981084647613353, 6.981037873834976, 6.9050250611693595, 6.927013031436611, 6.927512876366831, 6.911221991882083]], "30": [[227759, 225600, 374890, 324153, 213713, 115899, 135653, 214394, 75277, 107419, 141709, 238965, 235496, 514404, 174184, 210093, 120926, 30908, 128295, 207404, 227594, 255529, 375790, 702315, 162357, 199023, 291531, 440002, 112702, 105990, 219195, 164476, 176056, 425849, 205026, 377624, 81990, 329175, 365147, 467908, 590782, 241371, 389675, 133801], [8.39414306630379, 8.362313827211523, 8.336651202339645, 8.313421052491066, 8.362781482205369, 8.46131514959749, 8.42651636754249, 8.231153992200321, 8.43819408208477, 8.36043959793506, 8.42624100806705, 8.32872184052729, 8.379654502385044, 8.343357437373763, 8.501017662087799, 8.415797010203566, 8.329978767823272, 8.38734593569769, 8.253154090193929, 8.347467674476283, 8.40661746242309, 8.277616440992535, 8.454366112982383, 8.591076033996414, 8.35275403435003, 8.304594313623587, 8.44709630987506, 8.247729923821051, 8.321106236327688, 8.334658148197418, 8.372515039100657, 8.399058236412118, 8.451474234890842, 8.365166355982725, 8.32107773631983, 8.328398109903922, 8.32778470947888, 8.346745928614016, 8.363257547231987, 8.25903471825256, 8.459190871713538, 8.382578759281667, 8.361784751568901, 8.405217524410244]],